{
  "Working Directory": "/Users/colby",
  "Prompt Before Closing 2": false,
  "Selected Text Color": {
    "Red Component": 0.84706294536590576,
    "Color Space": "sRGB",
    "Blue Component": 0.91371899843215942,
    "Alpha Component": 1,
    "Green Component": 0.8705713152885437
  },
  "Rows": 25,
  "Ansi 11 Color": {
    "Red Component": 0.92156863212585449,
    "Color Space": "sRGB",
    "Blue Component": 0.54509806632995605,
    "Alpha Component": 1,
    "Green Component": 0.79607844352722168
  },
  "Use Italic Font": true,
  "Foreground Color": {
    "Red Component": 0.89803922176361084,
    "Color Space": "sRGB",
    "Blue Component": 0.94117647409439087,
    "Alpha Component": 1,
    "Green Component": 0.91372549533843994
  },
  "Right Option Key Sends": 0,
  "Character Encoding": 4,
  "Selection Color": {
    "Red Component": 0.26274511218070984,
    "Color Space": "sRGB",
    "Blue Component": 0.36862745881080627,
    "Alpha Component": 1,
    "Green Component": 0.29803922772407532
  },
  "Blend": 0.050000000000000003,
  "Mouse Reporting": true,
  "Cursor Boost": 0,
  "Ansi 4 Color": {
    "Red Component": 0.5058823823928833,
    "Color Space": "sRGB",
    "Blue Component": 0.75686275959014893,
    "Alpha Component": 1,
    "Green Component": 0.63137257099151611
  },
  "Non-ASCII Anti Aliased": true,
  "Sync Title": false,
  "Disable Window Resizing": true,
  "Description": "Default",
  "Close Sessions On End": true,
  "Jobs to Ignore": ["rlogin", "ssh", "slogin", "telnet"],
  "Scrollback Lines": 0,
  "Draw Powerline Glyphs": true,
  "Brighten Bold Text": true,
  "Prevent Opening in a Tab": true,
  "Flashing Bell": false,
  "Cursor Guide Color": {
    "Red Component": 0.26274511218070984,
    "Color Space": "sRGB",
    "Blue Component": 0.36862745881080627,
    "Alpha Component": 1,
    "Green Component": 0.29803922772407532
  },
  "BM Growl": true,
  "Ansi 3 Color": {
    "Red Component": 0.92156863212585449,
    "Color Space": "sRGB",
    "Blue Component": 0.54509806632995605,
    "Alpha Component": 1,
    "Green Component": 0.79607844352722168
  },
  "Use Non-ASCII Font": false,
  "Link Color": {
    "Red Component": 0.53333336114883423,
    "Color Space": "sRGB",
    "Blue Component": 0.81568628549575806,
    "Alpha Component": 1,
    "Green Component": 0.75294119119644165
  },
  "Shortcut": "",
  "Bold Color": {
    "Red Component": 0.92549425363540649,
    "Color Space": "sRGB",
    "Blue Component": 0.95685607194900513,
    "Alpha Component": 1,
    "Green Component": 0.9372367262840271
  },
  "Unlimited Scrollback": true,
  "Custom Command": "No",
  "Keyboard Map": {
    "0xf700-0x260000": {
      "Text": "[1;6A",
      "Action": 10
    },
    "0x37-0x40000": {
      "Text": "0x1f",
      "Action": 11
    },
    "0x32-0x40000": {
      "Text": "0x00",
      "Action": 11
    },
    "0xf709-0x20000": {
      "Text": "[17;2~",
      "Action": 10
    },
    "0xf70c-0x20000": {
      "Text": "[20;2~",
      "Action": 10
    },
    "0xf729-0x20000": {
      "Text": "[1;2H",
      "Action": 10
    },
    "0xf72b-0x40000": {
      "Text": "[1;5F",
      "Action": 10
    },
    "0xf705-0x20000": {
      "Text": "[1;2Q",
      "Action": 10
    },
    "0xf703-0x260000": {
      "Text": "[1;6C",
      "Action": 10
    },
    "0xf700-0x220000": {
      "Text": "[1;2A",
      "Action": 10
    },
    "0xf701-0x280000": {
      "Text": "0x1b 0x1b 0x5b 0x42",
      "Action": 11
    },
    "0x38-0x40000": {
      "Text": "0x7f",
      "Action": 11
    },
    "0x33-0x40000": {
      "Text": "0x1b",
      "Action": 11
    },
    "0xf703-0x220000": {
      "Text": "[1;2C",
      "Action": 10
    },
    "0xf701-0x240000": {
      "Text": "[1;5B",
      "Action": 10
    },
    "0xf70d-0x20000": {
      "Text": "[21;2~",
      "Action": 10
    },
    "0xf702-0x260000": {
      "Text": "[1;6D",
      "Action": 10
    },
    "0xf729-0x40000": {
      "Text": "[1;5H",
      "Action": 10
    },
    "0xf706-0x20000": {
      "Text": "[1;2R",
      "Action": 10
    },
    "0x34-0x40000": {
      "Text": "0x1c",
      "Action": 11
    },
    "0xf700-0x280000": {
      "Text": "0x1b 0x1b 0x5b 0x41",
      "Action": 11
    },
    "0x2d-0x40000": {
      "Text": "0x1f",
      "Action": 11
    },
    "0xf70e-0x20000": {
      "Text": "[23;2~",
      "Action": 10
    },
    "0xf702-0x220000": {
      "Text": "[1;2D",
      "Action": 10
    },
    "0xf703-0x280000": {
      "Text": "0x1b 0x1b 0x5b 0x43",
      "Action": 11
    },
    "0xf700-0x240000": {
      "Text": "[1;5A",
      "Action": 10
    },
    "0xf707-0x20000": {
      "Text": "[1;2S",
      "Action": 10
    },
    "0xf70a-0x20000": {
      "Text": "[18;2~",
      "Action": 10
    },
    "0x35-0x40000": {
      "Text": "0x1d",
      "Action": 11
    },
    "0xf70f-0x20000": {
      "Text": "[24;2~",
      "Action": 10
    },
    "0xf703-0x240000": {
      "Text": "[1;5C",
      "Action": 10
    },
    "0xf701-0x260000": {
      "Text": "[1;6B",
      "Action": 10
    },
    "0xf702-0x280000": {
      "Text": "0x1b 0x1b 0x5b 0x44",
      "Action": 11
    },
    "0xf72b-0x20000": {
      "Text": "[1;2F",
      "Action": 10
    },
    "0x36-0x40000": {
      "Text": "0x1e",
      "Action": 11
    },
    "0xf708-0x20000": {
      "Text": "[15;2~",
      "Action": 10
    },
    "0xf701-0x220000": {
      "Text": "[1;2B",
      "Action": 10
    },
    "0xf70b-0x20000": {
      "Text": "[19;2~",
      "Action": 10
    },
    "0xf702-0x240000": {
      "Text": "[1;5D",
      "Action": 10
    },
    "0xf704-0x20000": {
      "Text": "[1;2P",
      "Action": 10
    }
  },
  "Ansi 14 Color": {
    "Red Component": 0.56078433990478516,
    "Color Space": "sRGB",
    "Blue Component": 0.73333334922790527,
    "Alpha Component": 1,
    "Green Component": 0.73725491762161255
  },
  "Ansi 2 Color": {
    "Red Component": 0.61960786581039429,
    "Color Space": "sRGB",
    "Blue Component": 0.51372551918029785,
    "Alpha Component": 1,
    "Green Component": 0.75686275959014893
  },
  "Send Code When Idle": false,
  "ASCII Anti Aliased": true,
  "Tags": [],
  "Ansi 9 Color": {
    "Red Component": 0.87843137979507446,
    "Color Space": "sRGB",
    "Blue Component": 0.45882353186607361,
    "Alpha Component": 1,
    "Green Component": 0.42352941632270813
  },
  "Use Bold Font": true,
  "Silence Bell": false,
  "Ansi 12 Color": {
    "Red Component": 0.5058823823928833,
    "Color Space": "sRGB",
    "Blue Component": 0.75686275959014893,
    "Alpha Component": 1,
    "Green Component": 0.63137257099151611
  },
  "Window Type": 12,
  "Use Bright Bold": true,
  "Cursor Text Color": {
    "Red Component": 0.23137438297271729,
    "Color Space": "sRGB",
    "Blue Component": 0.32156598567962646,
    "Alpha Component": 1,
    "Green Component": 0.25881785154342651
  },
  "Default Bookmark": "No",
  "Cursor Color": {
    "Red Component": 0.5058823823928833,
    "Color Space": "sRGB",
    "Blue Component": 0.75686275959014893,
    "Alpha Component": 1,
    "Green Component": 0.63137257099151611
  },
  "Ansi 1 Color": {
    "Red Component": 0.87843137979507446,
    "Color Space": "sRGB",
    "Blue Component": 0.45882353186607361,
    "Alpha Component": 1,
    "Green Component": 0.42352941632270813
  },
  "Name": "nordy",
  "Blinking Cursor": false,
  "Guid": "1B7CB810-6A9C-426E-9C60-33A7A66EFE50",
  "Idle Code": 0,
  "Ansi 10 Color": {
    "Red Component": 0.61960786581039429,
    "Color Space": "sRGB",
    "Blue Component": 0.51372551918029785,
    "Alpha Component": 1,
    "Green Component": 0.75686275959014893
  },
  "Ansi 8 Color": {
    "Red Component": 0.29803922772407532,
    "Color Space": "sRGB",
    "Blue Component": 0.41568627953529358,
    "Alpha Component": 1,
    "Green Component": 0.33725491166114807
  },
  "Badge Color": {
    "Red Component": 0.26274728775024414,
    "Color Space": "sRGB",
    "Blue Component": 0.36862450838088989,
    "Alpha Component": 0.7057952880859375,